{"cameraMode":{"drawMode":0,"name":"Shaded","section":"Shading Mode"},"sceneLighting":true,"audioPlay":false,"sceneViewState":{"m_AlwaysRefresh":false,"showFog":true,"showSkybox":true,"showFlares":true,"showImageEffects":true,"showParticleSystems":true,"showVisualEffectGraphs":true,"m_FxEnabled":true},"in2DMode":false,"pivot":{"x":-0.4848535358905792,"y":0.8482842445373535,"z":88.4406967163086},"rotation":{"x":0.09162211418151856,"y":0.0358368456363678,"z":-0.0032980702817440035,"w":0.9951565265655518},"size":4.890976428985596,"orthographic":false}